﻿<?xml version="1.0"?>
<doc>
<assembly>
<name>
Ihm Winform VB
</name>
</assembly>
<members>
<member name="T:Ihm_Winform_VB.My.Resources.Resources">
<summary>
  Une classe de ressource fortement typée destinée, entre autres, à la consultation des chaînes localisées.
</summary>
</member>
<member name="P:Ihm_Winform_VB.My.Resources.Resources.ResourceManager">
<summary>
  Retourne l'instance ResourceManager mise en cache utilisée par cette classe.
</summary>
</member>
<member name="P:Ihm_Winform_VB.My.Resources.Resources.Culture">
<summary>
  Remplace la propriété CurrentUICulture du thread actuel pour toutes
  les recherches de ressources à l'aide de cette classe de ressource fortement typée.
</summary>
</member>
<member name="P:Ihm_Winform_VB.My.Resources.Resources.avatar1">
<summary>
  Recherche une ressource localisée de type System.Drawing.Bitmap.
</summary>
</member>
<member name="P:Ihm_Winform_VB.My.Resources.Resources.avatar2">
<summary>
  Recherche une ressource localisée de type System.Drawing.Bitmap.
</summary>
</member>
<member name="P:Ihm_Winform_VB.My.Resources.Resources.Banniere">
<summary>
  Recherche une ressource localisée de type System.Drawing.Bitmap.
</summary>
</member>
<member name="P:Ihm_Winform_VB.My.Resources.Resources.Bulle1">
<summary>
  Recherche une ressource localisée de type System.Drawing.Bitmap.
</summary>
</member>
<member name="P:Ihm_Winform_VB.My.Resources.Resources.Bulle2">
<summary>
  Recherche une ressource localisée de type System.Drawing.Bitmap.
</summary>
</member>
<member name="P:Ihm_Winform_VB.My.Resources.Resources.Kitsune1">
<summary>
  Recherche une ressource localisée de type System.Drawing.Bitmap.
</summary>
</member>
<member name="P:Ihm_Winform_VB.My.Resources.Resources.Kitsune2">
<summary>
  Recherche une ressource localisée de type System.Drawing.Bitmap.
</summary>
</member>
<member name="P:Ihm_Winform_VB.My.Resources.Resources.Kodama_Samurai1">
<summary>
  Recherche une ressource localisée de type System.Drawing.Bitmap.
</summary>
</member>
<member name="P:Ihm_Winform_VB.My.Resources.Resources.Kodama_Samurai2">
<summary>
  Recherche une ressource localisée de type System.Drawing.Bitmap.
</summary>
</member>
<member name="P:Ihm_Winform_VB.My.Resources.Resources.Kodama1">
<summary>
  Recherche une ressource localisée de type System.Drawing.Bitmap.
</summary>
</member>
<member name="P:Ihm_Winform_VB.My.Resources.Resources.Kodama2">
<summary>
  Recherche une ressource localisée de type System.Drawing.Bitmap.
</summary>
</member>
<member name="P:Ihm_Winform_VB.My.Resources.Resources.Korokkupuru1">
<summary>
  Recherche une ressource localisée de type System.Drawing.Bitmap.
</summary>
</member>
<member name="P:Ihm_Winform_VB.My.Resources.Resources.Korokkupuru2">
<summary>
  Recherche une ressource localisée de type System.Drawing.Bitmap.
</summary>
</member>
<member name="P:Ihm_Winform_VB.My.Resources.Resources.plateau">
<summary>
  Recherche une ressource localisée de type System.Drawing.Bitmap.
</summary>
</member>
<member name="P:Ihm_Winform_VB.My.Resources.Resources.Tanuki1">
<summary>
  Recherche une ressource localisée de type System.Drawing.Bitmap.
</summary>
</member>
<member name="P:Ihm_Winform_VB.My.Resources.Resources.Tanuki2">
<summary>
  Recherche une ressource localisée de type System.Drawing.Bitmap.
</summary>
</member>
</members>
</doc>
